user_id	items
354441	657183,1386412
1994343	2778525,1053542
789295	2778525,1053452
1464556	2778525,1053542
1734630	2268722,1007923
2043769	2268722,1007923
2268594	2268722,1007923
2094809	2778525,278589
2533866	536047,1007923
809188	2268722,1007923
705801	1007923,2268722
1126199	2778525,278589
1599667	1007923,2268722
1586917	657183,2446769
2959117	2268722,1007923
1301564	2778525,1053452
2517839	2268722,1007923
2607564	2268722,1007923
500609	1007923,2268722
2706974	657183,1386412
1927353	1007923,2268722
1961277	1007923,2268722
1725224	2268722,1007923
1742682	2268722,1007923
365	2268722,1007923
392465	2778525,1053452
261072	2778525,1053542
1502673	2268722,1007923
858248	2778525,278589
1944937	657183,1386412
345062	1053452,1244196
2245716	2268722,1007923
1003134	2446769,1201171
1333399	1007923,2268722
1306318	2778525,1053542
846168	2268722,1007923
1836666	2778525,1053542
1010516	2778525,1053542
940197	2778525,1053542
1063159	2268722,1007923
1338300	657183,2446769
1047483	657183,1386412
1232710	1007923,2268722
33704	657183,2446769
2598888	1053452,1244196
1033842	2268722,1007923
2408442	1007923,2268722
21439	2778525,1053452
1963169	1007923,877603
2707926	2778525,1053452
200785	1053452,1007923
488379	2268722,1007923
2081475	1007923,2268722
1290053	2778525,1386412
2862875	2778525,1053452
712724	2268722,1007923
2961883	2778525,1007923
1677105	1053452,1244196
501940	1007923,2268722
551081	2778525,1053542
1200847	1007923,2268722
2769447	1007923,2268722
708157	2778525,877603
1175314	2268722,1729618
2123978	1007923,2778525
1302832	2268722,1007923
1804055	1053452,2778525
1551009	2268722,1007923
1335622	2268722,1007923
236433	1053452,2778525
1983389	2778525,1053542
2210711	2778525,278589
2844586	1007923,1053452
1526193	2268722,1007923
2640303	1053452,2778525
1524526	2268722,1007923
1719604	1053452,1007923
680973	1007923,2268722
1493404	2268722,1007923
2004683	2268722,1007923
2522801	2268722,1007923
123936	2778525,1053542
1262882	1007923,2268722
592107	2268722,1007923
1607761	1007923,2268722
350491	2778525,1053542
449374	657183,1244196
1512835	2268722,1007923
532789	1007923,2268722
14419	2778525,1053452
2393562	2268722,1007923
966698	2268722,1007923
2134802	2268722,1007923
558570	2778525,1386412
714033	1053452,1078303
1106781	657183,1386412
2938904	1007923,2268722
2727110	1007923,2268722
1115564	2778525,1386412
1933313	657183,1007923
2881846	2268722,1007923
271524	2778525,1053542
2719462	2778525,1007923
1153887	1053452,1007923
1649266	2268722,1007923
2107050	2778525,1053452
970087	1007923,2268722
2287019	2268722,1007923
2106462	2268722,1007923
2607468	2778525,1053452
466186	657183,2446769
2642582	1007923,1386412
2460095	1007923,2268722
1324173	1007923,2268722
2136885	1053452,2268722
2168869	2778525,1244196
2685086	2268722,1007923
2103403	2268722,1007923
204922	657183,2446769
2432692	2268722,1007923
2425990	2268722,1007923
1142758	657183,2446769
35977	2778525,278589
2366076	2778525,278589
170288	2778525,1053452
274554	1007923,1386412
1828407	1053452,2778525
1621104	2778525,278589
2919558	2778525,1007923
1457853	2778525,1386412
688841	1007923,2268722
1023982	2268722,1007923
1947206	2268722,1007923
2470766	1053452,2778525
963452	1007923,2268722
1015106	2268722,1007923
1048823	1053452,1078303
319385	657183,1386412
2759560	2778525,1053452
2820098	2778525,1053452
273912	2778525,1007923
850848	2268722,1007923
1509870	2268722,1007923
540990	2268722,1007923
985668	2778525,1053542
56135	657183,1386412
1310280	877603,1603108
1037952	2778525,278589
1999493	1007923,2268722
1907076	657183,1386412
121833	2268722,1007923
1631820	1053452,1007923
1871369	2268722,1007923
2969581	2778525,657183
52355	1007923,2268722
1689998	2268722,1007923
2418321	2778525,1053452
988180	1007923,2268722
1805350	2268722,1007923
469933	2268722,1007923
359898	657183,2446769
2423575	1053452,1244196
1920917	2778525,278589
1482274	877603,1603108
1048209	1053452,2778525
315592	1007923,2268722
206570	1053452,2268722
2799579	2778525,1053452
1439379	1007923,877603
395633	2268722,1007923
2464732	2268722,1007923
197733	2268722,1007923
478990	2778525,1007923
1838092	657183,1386412
1189883	2268722,1007923
815912	1053452,2268722
2664026	2778525,1053452
748568	657183,1386412
955459	1053452,2268722
2675718	1007923,2268722
1650631	1386412,877603
1549048	2778525,1007923
2178829	2268722,1007923
155757	2778525,877603
1494496	2778525,1386412
1852115	1007923,1053452
1146390	1007923,2268722
2500133	2268722,1007923
2524010	2268722,1007923
1272918	1053452,2268722
2770033	2778525,1053542
1555618	1053452,1078303
1915788	2778525,1053452
590920	2778525,1053452
2265073	1053452,1007923
1280194	1007923,2268722
2633772	1386412,657183
1182547	2778525,1053452
2845477	2778525,1053452
2078165	1007923,2268722
661588	657183,1386412
280353	2268722,1007923
142825	1007923,2268722
1831428	2778525,278589
231871	2778525,278589
407222	2778525,1053452
2864247	657183,1386412
1276792	1007923,2268722
1435262	2778525,1053452
2348458	1386412,657183
731835	1053452,1078303
103195	2268722,1007923
2690213	1053452,1078303
1968400	2778525,278589
1968624	657183,1386412
292927	2268722,1007923
634414	2268722,1007923
2830141	2268722,2778525
1636559	2778525,278589
223657	2268722,1007923
259437	2268722,1007923
2232546	2268722,1007923
1377121	2778525,1053542
1483899	2778525,1007923
2072382	2268722,1007923
651528	657183,2446769
576951	2268722,1007923
93788	2268722,1007923
299650	1078303,1201171
1210275	1007923,2268722
2584780	657183,2446769
1036163	2268722,1007923
108109	2778525,1053452
2148644	657183,1386412
252305	2268722,1007923
1125205	657183,1386412
593478	1053452,2778525
3446	1053452,1007923
106510	877603,1007923
2083333	1007923,2268722
579453	1053452,2778525
2490851	2268722,1007923
917360	2268722,1007923
1553370	2778525,1053542
2062941	2778525,657183
941896	2778525,1053452
2961156	2268722,1053452
1449335	877603,1603108
2364549	1053452,1078303
1065625	2268722,1007923
2050436	2778525,1053452
2293693	2778525,1053542
2213346	1053452,657183
1535567	1053452,1078303
1618264	2778525,1053542
2865355	2778525,1053452
897095	1007923,2268722
453409	1053452,1078303
588735	1386412,657183
693934	1078303,1133414
2698781	2268722,1007923
690411	2268722,1007923
53069	877603,1007923
987299	1007923,2268722
904587	1078303,1133414
1989979	1007923,2268722
2025228	2778525,1244196
491486	1053452,1244196
2327762	1053452,1244196
1212581	2268722,1007923
983632	2268722,1007923
508594	2778525,278589
2086516	657183,1386412
1785059	2778525,278589
1117749	2778525,1053542
1556632	1007923,2268722
1146638	2268722,1007923
2305767	1007923,2268722
2184365	1053452,2778525
461336	2268722,1007923
2485846	1007923,2268722
1574944	1007923,2268722
1356838	2778525,278589
1488683	2268722,1007923
2267101	2778525,278589
2034407	657183,1386412
499751	1053452,1729618
2795673	2778525,1007923
1641971	1053452,1078303
2010385	2778525,1053452
1131807	877603,1603108
1570397	2268722,1007923
1979658	2268722,1007923
1718764	2778525,278589
37573	2268722,1053452
2648545	1078303,1133414
1636734	2778525,1053542
2452966	1007923,2268722
1408737	2778525,278589
1446524	1053452,1007923
1547337	2268722,1007923
1572149	2778525,1053542
2445283	1078303,1201171
713868	1007923,2268722
2768353	1386412,877603
2875324	2268722,1007923
47831	2268722,1007923
2775341	657183,2446769
554980	2268722,1007923
1076049	657183,1053452
2955756	2778525,2268722
455481	2778525,1053452
2898912	1007923,2778525
66860	2268722,1007923
578789	2778525,1053542
2510457	1007923,2268722
302398	2268722,1007923
1310272	657183,2446769
1267256	1386412,1007923
1250537	1007923,2268722
2004980	2268722,1007923
203304	877603,1603108
52730	657183,2446769
463253	1007923,1053452
2738525	1007923,2268722
272882	2268722,1007923
2832770	1007923,2268722
2178487	1053452,1007923
2738917	877603,2778525
720814	2778525,278589
403191	657183,1244196
840401	2268722,1007923
2738012	2778525,1053452
980442	2268722,1007923
1000526	1007923,2268722
86194	1007923,2268722
1272850	2268722,1007923
1019107	657183,2446769
977367	1386412,657183
2356849	2778525,1053452
492295	2778525,278589
2043764	1007923,2268722
1066483	2778525,1053452
623391	1007923,2268722
644068	1007923,1386412
333961	2268722,1007923
938322	1007923,2268722
1393514	2268722,1007923
124582	1007923,2268722
1853654	1007923,2268722
2242207	1007923,2268722
1128857	1053452,657183
2319247	1007923,2268722
2574859	1007923,2268722
1572658	2268722,1007923
1364022	2268722,1007923
416584	2268722,1007923
1423524	2778525,278589
106268	657183,1386412
2069137	657183,1386412
935560	2778525,1053542
320574	1007923,2268722
2033604	1386412,877603
199515	2778525,1053452
2957097	2778525,1053452
2678556	2268722,1007923
410449	1053452,1078303
287585	1053452,1244196
1055624	2268722,1007923
2195798	657183,1386412
597839	1007923,1078303
1667277	1053452,2268722
1805664	657183,1386412
2475245	1386412,657183
1540699	2268722,1007923
161242	2778525,1053542
985769	1007923,2268722
663301	1007923,2778525
208814	877603,1386412
2400552	2268722,1007923
1528122	2778525,877603
2311196	1078303,1201171
2172766	1007923,1053452
127661	2268722,1007923
1271408	1007923,1386412
2572911	2268722,1007923
497366	2778525,1053452
2674431	2268722,1007923
775949	2268722,1007923
876255	1386412,877603
812719	2778525,278589
2964215	2268722,1007923
275516	2268722,1007923
2928080	2778525,1053542
2628241	1053452,1007923
2972948	2778525,278589
433104	2268722,1007923
713321	1053452,2778525
1454416	1053452,1078303
973044	2778525,1053452
1196264	2268722,1007923
2114881	2778525,1053452
1292273	657183,1386412
693404	2268722,1729618
816607	2268722,1007923
125672	1053452,2268722
1352955	1007923,2268722
165762	1007923,2268722
2414204	2778525,1053452
1808859	2778525,1053452
981420	2778525,2268722
800759	1053452,1007923
1925885	657183,1386412
2412095	2268722,1007923
2486813	2268722,1007923
1410714	1007923,2268722
2447005	1007923,1053452
2501351	2268722,1007923
2203120	2778525,877603
1529885	2778525,1053452
889091	1053452,1244196
1449107	2778525,1053542
1607029	1007923,2268722
2179063	2778525,1007923
2819363	1053452,1078303
2010057	2778525,278589
1472716	1007923,2268722
1968204	2268722,1007923
2864684	2778525,1053542
1808192	1078303,1053452
1203131	1053452,1078303
1828876	2268722,1386412
1344536	1007923,2778525
1003878	657183,1386412
584396	1007923,2268722
2174595	1386412,536047
884316	1007923,2268722
780900	1007923,2268722
2136123	2268722,1007923
1417138	1386412,657183
2870085	657183,1386412
1573225	1007923,2268722
5910	1053452,1007923
562208	657183,1386412
1872048	1007923,2268722
1701412	2778525,1386412
1282018	2778525,1053452
2965707	2268722,1007923
519517	877603,1007923
815490	1007923,2268722
400542	2778525,1053452
406465	1007923,2268722
1991444	657183,1386412
529691	2778525,1386412
458037	1007923,581327
2197162	2268722,1007923
2406436	2778525,278589
282541	1053452,1007923
1399442	2268722,1007923
2858208	1007923,2268722
1224151	2778525,1053542
1170601	1053452,1078303
1429248	2268722,1007923
1627361	1007923,2268722
211242	1007923,1386412
38157	2778525,1053452
1773228	877603,1603108
896884	2778525,1053452
2127831	1053452,2268722
2646946	2778525,1053452
421422	1053452,1007923
1928960	2268722,1007923
716296	2268722,1007923
1581833	2778525,1053542
2814690	2778525,1007923
1210107	1386412,877603
171718	1053452,2778525
757040	1007923,2268722
2233350	1007923,2268722
2014208	1053452,2778525
1573267	2778525,1053452
1856082	1007923,2268722
2288091	1053452,1007923
346678	2778525,1053542
795857	1007923,1386412
967915	2268722,1007923
39648	2268722,1007923
2217315	2268722,1007923
2757741	2268722,1007923
2882332	2778525,1386412
2104927	2268722,1007923
1346156	2778525,1053542
2477490	2268722,1007923
349354	1007923,877603
291997	1007923,2268722
2897087	2268722,1007923
1177491	1053452,1007923
1831324	2778525,1053542
1908830	2778525,1053542
2437204	2778525,1053452
1489533	2778525,1053452
2320168	1007923,2268722
2426794	1007923,2268722
886050	2778525,1053452
599884	2778525,1053542
1353063	1386412,657183
2538497	2778525,278589
1707698	1007923,2268722
2861522	2268722,1007923
631040	1007923,2268722
2127926	1007923,2268722
2873357	2268722,1007923
2117668	877603,1603108
2441331	1053452,2268722
168809	1007923,2268722
192131	2778525,1053542
2692857	1053452,2268722
345097	2268722,1007923
2678477	2778525,1053452
690782	1053452,2268722
797529	1007923,2268722
2435061	1007923,2268722
789262	2268722,1007923
2426028	1007923,581327
2638386	2268722,1007923
1193406	657183,2446769
2702299	657183,2446769
381883	1007923,2268722
40130	2778525,1007923
1736381	2778525,1053452
110654	2778525,1053542
1313132	1386412,1007923
1712596	1078303,1133414
2123667	2778525,1053452
1731619	2778525,1053452
869781	2778525,1007923
559618	1007923,2268722
978594	2268722,1007923
324788	1053452,2778525
2458318	2778525,1053452
72672	2268722,1007923
1787076	2778525,1053452
2678889	1053452,1244196
2938974	657183,1386412
977208	2778525,1053542
1382325	1007923,1078303
2519322	2268722,1007923
1240527	1053452,2268722
1080522	2268722,1007923
258675	1053452,2778525
1986319	657183,2446769
873954	2778525,1053452
367300	657183,1386412
1474054	1386412,2778525
2438095	2268722,1007923
1719856	1053452,1244196
1010898	2778525,1053452
2543200	2268722,1007923
999634	2268722,1007923
2307477	2268722,1007923
1474719	657183,2446769
1966946	1007923,2268722
1990998	2778525,1007923
2780530	2268722,1007923
1828078	2778525,1053452
1015804	2778525,1007923
121371	1053452,1078303
326892	1007923,2268722
836334	1053452,1007923
492842	2268722,1007923
29576	1053452,2268722
2912602	2268722,1007923
2183545	1007923,2268722
1288716	2778525,1053542
2127400	1053452,2778525
2981176	2778525,1386412
115726	2778525,1053452
1399391	2778525,1053452
1504848	2778525,1053452
640482	2778525,1007923
475302	2268722,1007923
1865019	1007923,2268722
47662	2268722,1007923
1679189	2778525,1053452
2684211	657183,1244196
178787	1007923,877603
1502836	2778525,278589
1868408	2268722,1007923
2550314	1386412,657183
432423	657183,1386412
1508598	657183,1386412
963277	2778525,1007923
2285204	2268722,1007923
1487065	2268722,1007923
1168535	1386412,2778525
819828	1007923,2268722
2276791	2268722,1729618
1651119	2778525,1007923
2340543	2778525,1053542
1772092	2778525,278589
2136430	657183,2446769
2532020	2268722,536047
1131701	657183,2446769
1611236	1007923,2778525
1145227	1053452,2268722
2540978	2778525,1053452
2758044	1007923,2268722
590519	1007923,2268722
1731785	2778525,1053452
1109965	2778525,1053542
2780301	2268722,1007923
2819314	657183,2446769
2349227	2778525,278589
1139162	2268722,1007923
2145200	2778525,1386412
2137253	2778525,1053542
1883587	2778525,1386412
1502142	2268722,1007923
2139424	2268722,1007923
981951	1053452,1007923
2912040	2268722,1007923
2429630	2778525,1053452
1157561	2268722,1007923
1446691	2778525,278589
1784309	2778525,1053452
586367	2778525,1053452
1481403	1053452,1244196
1605292	2778525,1053542
2891738	2268722,1007923
2178620	2268722,1007923
286412	1007923,1078303
979657	1007923,2268722
1289593	1053452,2268722
2526887	2778525,1053542
2593399	1053452,1244196
1238131	2778525,1053452
1370668	2268722,1007923
1590460	657183,1386412
1291903	1007923,2268722
2789071	2778525,278589
1353134	1053452,1007923
1411593	1007923,2268722
2367978	2778525,1053452
1100988	877603,1603108
3527	657183,1386412
1404977	657183,1386412
1703488	2778525,1053542
2340053	2268722,1007923
831922	2778525,1053542
729190	877603,1914124
2603184	2778525,1053452
106534	2268722,1007923
2413085	2268722,1007923
2216418	2778525,278589
638060	657183,1386412
93624	1007923,2268722
493009	2268722,1007923
2317996	1007923,2268722
2635471	2268722,1007923
53464	2778525,1053452
1402306	657183,2446769
534236	2268722,1007923
1761866	2778525,1053452
1721591	1007923,2268722
400864	1007923,2268722
2708488	1053452,1007923
1933014	2778525,1007923
2635371	2778525,1053452
2774408	877603,1603108
2750557	2778525,278589
1975178	2778525,1007923
390609	1053452,1244196
1387458	2268722,1007923
1102845	2268722,1007923
1188999	2268722,1007923
691101	1053452,2268722
2961116	2778525,1053452
2127155	2268722,1007923
244293	1078303,1201171
2516716	2778525,1053542
1623116	1053452,2778525
423704	2778525,1053452
611868	2268722,1007923
1150562	657183,1386412
1865075	2268722,1007923
2494602	657183,2446769
986009	1053452,1078303
2238052	2778525,1053452
1365999	657183,1386412
189232	1053452,2268722
433350	2268722,1007923
2447297	1007923,2268722
965163	1053452,2778525
1750734	2268722,1007923
1870138	2268722,1007923
548727	2778525,1053542
2020956	2268722,1007923
226832	2268722,1007923
2153480	2778525,1053452
1993945	2268722,1007923
283118	1053452,1007923
1972346	2778525,657183
1170771	1007923,2268722
2728357	2268722,1007923
683524	1053452,1078303
1264708	1053452,1078303
1473366	2778525,1053452
5220	1007923,2268722
418399	2268722,1729618
1932736	1053452,2268722
1879373	657183,1244196
722778	2778525,278589
2460887	1007923,1053452
423147	2778525,1053452
1131023	877603,2778525
2270380	2268722,1007923
740539	2778525,1053542
358263	1386412,536047
2302800	1007923,2268722
132300	2268722,1007923
1400758	1053452,1244196
1246210	2268722,1007923
353098	2268722,1007923
870702	2268722,1007923
2623010	2268722,1007923
1264751	2268722,1007923
908609	2778525,1007923
425145	1007923,2268722
698187	2268722,1007923
661309	2778525,1053452
809737	1007923,2268722
2566226	2268722,1007923
915739	2268722,1007923
2434878	1053452,1078303
2368415	1007923,2268722
1006028	1007923,2268722
1095224	2268722,1007923
928269	657183,1386412
1164826	2778525,1053542
2943707	2778525,1053452
2255026	2778525,877603
1870292	1053452,2778525
1550921	2778525,278589
1221060	2778525,278589
1861997	1007923,2268722
1938666	2778525,1053542
451111	2268722,1053452
1622163	1007923,2268722
1034899	1007923,2268722
2022593	2268722,1007923
1407712	1053452,2778525
1597717	2778525,1053452
2027994	2268722,1007923
825878	657183,2446769
2050105	1053452,2778525
2135490	1053452,1078303
1245709	877603,1007923
221994	2778525,1053452
1003929	2268722,1007923
835944	657183,2446769
2073875	1053452,2778525
1358589	2778525,278589
2735537	1053452,2778525
1515063	1007923,2268722
135846	657183,2446769
1552637	2778525,1053542
2222220	877603,1603108
1065079	2778525,1053452
2360423	2268722,1007923
1234478	2778525,1053452
999585	657183,2446769
2657437	2778525,1053452
1186178	1007923,2268722
2830629	2778525,1053452
1075206	1386412,1007923
796545	2268722,1007923
2581741	2778525,1007923
2447821	2268722,1007923
1285189	2778525,1053542
2294335	2268722,1007923
2916157	2268722,1007923
1251852	1007923,2268722
2941813	2778525,1053542
2573780	2268722,1007923
499048	2778525,1053542
2111369	1007923,2268722
2538674	2268722,1007923
2838710	2778525,278589
205236	1007923,2268722
920283	2778525,1053542
1635198	2268722,1053452
359288	2268722,1729618
2343714	2268722,1007923
881979	2778525,1053542
1453988	1007923,2268722
2898873	1007923,2268722
847901	2268722,1007923
397265	1007923,2268722
414195	1053452,1244196
640082	1053452,2268722
1605345	2268722,1007923
2743923	2268722,1007923
2440204	2778525,1053542
884041	2778525,1007923
392019	1007923,2268722
2052981	2778525,1053452
1788532	1053452,2778525
344926	2778525,1053452
2652943	1007923,2268722
1902673	1007923,2268722
1125251	877603,1603108
2720871	2778525,1386412
1565789	657183,2446769
2749084	1053452,2268722
98458	657183,1386412
1890598	2778525,1053452
2261083	2778525,1386412
612777	1053452,2778525
518939	657183,1386412
434180	2268722,1007923
333551	877603,1914124
1847218	657183,1386412
502508	1053452,2778525
2515229	2268722,1007923
2615726	1007923,2268722
1792271	1053452,1007923
229891	1053452,2778525
233348	657183,1386412
2578828	1053452,1078303
996530	1007923,2268722
1822867	1007923,2268722
2473285	1053452,1007923
2739277	657183,2446769
2611626	2778525,278589
2430328	1053452,1078303
2116523	2778525,1007923
1541743	657183,1386412
951017	1007923,877603
1169191	1007923,2268722
896011	1053452,1244196
2784605	1007923,2268722
2454606	657183,1386412
2382109	2268722,1007923
1473872	2268722,2778525
2238233	1007923,2268722
449777	2268722,1007923
2458553	2268722,1007923
1665050	1386412,657183
2927665	1007923,2268722
1365963	2778525,1053542
17642	657183,2446769
2401088	1007923,2268722
2604736	2778525,1053542
52862	2268722,1053452
2983604	1053452,1007923
2101901	2778525,1053542
2268544	1053452,2268722
1208884	2778525,1053542
1948343	1007923,2268722
1218145	1386412,657183
852609	2268722,1007923
427356	2268722,1007923
2582203	2778525,1053452
984527	2778525,278589
2037768	1007923,2268722
2439250	1007923,2268722
265976	1053452,1007923
916239	2778525,1007923
366292	657183,1244196
946540	1053452,2268722
1814476	1053452,1078303
2747858	2268722,1007923
2942953	1053452,2778525
1337535	2268722,1007923
1281460	1007923,2268722
347740	2778525,1053452
1266523	1007923,2268722
2596622	2778525,1007923
1115853	1053452,2778525
1713427	1007923,1386412
825024	1053452,1078303
401933	657183,1386412
2908854	1053452,1007923
2498935	2778525,1053452
1047387	2268722,1007923
896970	2778525,1244196
1656892	2778525,1053542
728840	2778525,278589
1106163	1053452,1007923
2947193	2268722,1007923
1097747	2778525,1053452
2713566	2778525,1053452
40009	2778525,1386412
416927	877603,1914124
2889071	2268722,1007923
1700680	2268722,1007923
2277309	2778525,1053542
2308648	877603,1914124
2282654	1053452,2268722
550556	657183,1386412
2389978	1007923,2268722
2878310	2778525,1053542
211040	2268722,1007923
1233597	657183,2446769
1283880	2268722,1007923
92454	2778525,1053542
1551318	2778525,1007923
1921292	2778525,1053542
1881892	877603,1386412
1711561	1053452,2778525
1569777	657183,2446769
391100	2778525,1053542
1728130	1053452,1244196
2397135	2268722,1007923
821461	877603,1603108
2169409	1007923,1386412
1872574	2268722,1007923
115701	2268722,1007923
2722445	1007923,2268722
1704090	2268722,1007923
867974	2268722,1007923
371906	1007923,2268722
2968860	2268722,1007923
329275	1386412,2268722
1971594	2778525,1007923
1229365	2778525,1053452
1527505	2778525,1386412
1067318	1053452,1244196
2502156	657183,1386412
1480882	2778525,1053452
2977708	2268722,1007923
1100934	2778525,1053452
1492760	657183,2446769
185789	2268722,1007923
2703960	2778525,1053542
2521277	1007923,1053452
90343	2778525,1053452
544951	657183,1386412
2803834	2778525,1007923
2025147	2268722,1007923
444863	1007923,2268722
2919807	877603,1914124
1283628	2778525,1053452
1673454	1007923,2268722
686853	2778525,1007923
1275044	2778525,1053452
1403023	1007923,2268722
1421613	1007923,2268722
622123	2778525,1053542
2092447	2778525,1053542
2037312	2778525,1053452
2491506	1007923,1053452
1127534	1007923,877603
2588593	2268722,1007923
2483221	2268722,1007923
1754051	657183,1244196
684826	1053452,1078303
985392	2268722,1007923
1551875	2268722,1007923
238914	2778525,1007923
1969467	1007923,2268722
160699	2778525,1053452
2665878	657183,1386412
202360	1007923,2268722
1336455	877603,1386412
1769142	1053452,1078303
2383380	2778525,1053452
279214	877603,1603108
2715296	2268722,1007923
1306751	2778525,1244196
2190309	657183,1386412
790673	2778525,1007923
2984804	2778525,1053542
2735486	1053452,1244196
420759	2778525,1053452
2785576	2778525,278589
441323	1053452,1078303
2509881	1053452,1244196
2756885	2268722,1007923
2730875	2778525,1053452
154222	2778525,1053542
2652852	2778525,1053452
980387	2778525,1053542
2412866	2268722,1007923
1508892	1007923,2268722
154787	2268722,1007923
309819	657183,1386412
986709	1007923,2268722
1122029	2268722,1007923
953684	2268722,1007923
2401041	1053452,1007923
704053	1053452,1007923
454068	2778525,1053452
2965844	1053452,1244196
1439793	2778525,1053452
267625	2778525,1053542
1603621	1053452,1078303
103001	2778525,1007923
171864	2268722,1007923
2311488	1386412,657183
403851	2778525,657183
463471	2778525,1053542
2771200	877603,1603108
2510824	2268722,1007923
1842673	1007923,2268722
382533	657183,1386412
2600910	1007923,2268722
1776789	2268722,1007923
2689257	1386412,657183
2494970	1007923,1053452
1756780	2778525,1053452
2455399	2268722,1007923
1962940	1007923,877603
728364	1007923,2268722
1449794	2778525,1007923
2139510	2778525,1053542
1983598	657183,1386412
1760602	1053452,1244196
2189731	2268722,1007923
88229	2778525,1053542
1268659	2268722,1007923
1070377	1053452,2778525
1233644	657183,1386412
779011	1386412,657183
2049582	2778525,1053542
1720063	2268722,1007923
168082	2778525,1053452
459375	1007923,2268722
1470458	2778525,1053452
2008068	2778525,278589
761560	2778525,1053452
2407474	1007923,2268722
2603497	1053452,1078303
2168954	1007923,877603
1751636	2268722,1007923
715707	2778525,1053542
1701229	1007923,2268722
72679	2778525,1053452
2961531	1386412,657183
2389847	1007923,2268722
2878195	2778525,1053452
1865221	1053452,1729618
1939808	2778525,1053452
1874051	2268722,1007923
2377229	2778525,1007923
784222	657183,2446769
433294	1007923,2268722
437254	657183,1386412
913764	2778525,1053452
973936	657183,2446769
2972747	1053452,1007923
2075402	2778525,278589
1379382	1007923,2268722
1512085	657183,2446769
1423308	2778525,1053452
2002650	2268722,1007923
1994684	2778525,1053452
1622260	1078303,1133414
2090227	1078303,1053452
96504	2778525,877603
2432361	1007923,2778525
2172313	2268722,1007923
2693946	657183,1386412
1567403	2268722,1007923
1591203	2778525,877603
2424628	1053452,2268722
233571	1053452,1244196
1598916	657183,1984327
1667350	2778525,1053452
1384917	2268722,1007923
2772757	2778525,278589
2235740	2268722,1007923
2814100	2778525,1007923
162988	2778525,1053452
1600416	1053452,1007923
2183366	1053452,2778525
1542914	657183,2446769
1269537	2778525,1053542
1415217	2268722,1007923
62631	1053452,1078303
1503109	1007923,2268722
1702238	1053452,2778525
2859460	2268722,1007923
1429146	1053452,2268722
569907	657183,1386412
1396825	2778525,1053452
1593920	2268722,1007923
2017809	2778525,1053452
1378830	2778525,1053452
1287527	2268722,1007923
2285977	657183,2446769
1203930	657183,1386412
540545	1053452,1078303
2503050	2268722,1007923
650148	2778525,278589
1527677	2778525,1053452
1971485	2268722,1007923
2850067	1053452,1007923
118743	1386412,2778525
1904061	2268722,1007923
1149231	2778525,1053542
1620254	1053452,1244196
452810	2778525,1053452
1882094	2268722,1007923
32657	2778525,278589
1873689	657183,1386412
1269383	2268722,1007923
72487	1007923,2268722
447541	2268722,1007923
1986484	2778525,1053542
2449448	1053452,1244196
2648698	1007923,2268722
660515	657183,1386412
1557418	1053452,2778525
2334065	2268722,1007923
2825548	1007923,2268722
1738007	1386412,657183
2027988	2268722,1007923
252579	2778525,278589
2747941	1053452,2778525
2339409	2778525,2268722
8041	2778525,1007923
763852	1053452,1078303
2069344	1053452,2778525
2453747	1053452,1078303
1130789	1007923,1053452
2603007	2268722,1007923
1577599	1007923,2268722
1812256	1007923,1053452
310354	657183,1386412
2255555	1053452,1007923
2366605	2268722,1007923
1213135	1007923,877603
1965049	657183,1007923
1301610	2268722,1007923
798295	1007923,2268722
1649676	2268722,1007923
266269	1007923,877603
2914357	2778525,278589
1192670	2268722,1007923
1089746	1053452,1007923
2218978	2268722,1007923
1326406	1053452,1244196
463844	1007923,2268722
2282527	2268722,1007923
2691409	1053452,1007923
1347088	2778525,1053542
1357369	2778525,278589
2491022	2268722,1007923
1744573	1053452,1244196
2130828	2778525,1053542
2176600	2778525,1053542
2390360	1007923,2268722
1771622	2778525,1053452
2277540	1053452,1078303
363086	657183,2446769
541683	2778525,1053542
2343145	2778525,1053452
49780	2778525,1053452
2811620	1053452,657183
1625464	2268722,1007923
169100	1007923,2268722
1428870	1007923,2268722
2226177	2268722,1007923
2828644	2268722,1007923
2709077	1053452,2778525
1180569	1053452,2778525
2833135	2268722,1007923
1934355	2778525,1007923
870824	2268722,1007923
2828548	2268722,1007923
2912203	2778525,1053452
745326	2778525,278589
2527966	2268722,1007923
2192927	657183,1386412
1949489	1007923,2778525
2922115	1386412,657183
366050	2268722,1007923
563964	657183,1386412
207504	657183,1386412
2841142	2778525,1007923
20979	2778525,278589
1000197	657183,1386412
1319451	1007923,657183
2959714	2778525,1053452
434668	1007923,2268722
1346640	2778525,1053452
2633334	2268722,1007923
2007846	1007923,2268722
923111	657183,2446769
2748226	1007923,1386412
1678460	2268722,1007923
260501	2268722,1007923
1049540	657183,1386412
2823600	2778525,1053452
643405	657183,1386412
583721	1007923,2268722
2904500	2778525,1053452
2886029	2778525,1053452
1841197	657183,1386412
2201902	1007923,1386412
759173	1007923,2268722
2786850	2268722,1007923
982313	2778525,1007923
1875682	1007923,2268722
2537996	2778525,278589
742333	2268722,1007923
1541413	1007923,2268722
2540293	1053452,2268722
133188	2268722,1007923
1320999	2778525,278589
2454131	1053452,1244196
70428	2268722,1007923
264706	657183,1386412
2801890	657183,2446769
1299066	1053452,2778525
2777732	2268722,1007923
1799450	657183,2446769
2904839	657183,1244196
845682	2778525,1053542
1249584	657183,1386412
1631080	2778525,1053452
1908087	2778525,278589
2476750	1007923,2268722
348952	2778525,1007923
479195	2268722,1053452
310597	1386412,657183
367939	2268722,1007923
2640047	657183,1386412
316609	877603,1603108
2979001	2268722,1007923
2674092	1386412,1007923
2769112	1007923,1386412
1071830	2778525,1053452
2250392	2778525,1053452
2206738	1007923,877603
830259	2778525,877603
2034843	1053452,1078303
183918	1053452,1078303
781671	2778525,1053452
2467876	1007923,2268722
2491111	2268722,1007923
478809	1007923,2778525
1113750	877603,1914124
1710963	1053452,1244196
948060	2778525,1053542
1258884	2778525,1053452
1144282	2268722,1007923
1832690	2778525,1053542
789895	2778525,1053452
471851	2778525,1053542
1045595	657183,2446769
1352596	657183,1386412
934200	1053452,1007923
1025387	2778525,1053542
1550815	2268722,1007923
2617849	2778525,1386412
1859498	877603,1603108
644207	2268722,1007923
2110543	1053452,1078303
2932260	2268722,1007923
448711	657183,1386412
1951022	2268722,1007923
2861103	2778525,2268722
736381	1007923,2268722
1860403	2778525,1053452
665576	2778525,1053452
2512568	1007923,2268722
2484184	1053452,1007923
1006210	2268722,1007923
949037	657183,1386412
1363190	1007923,2778525
2724560	2778525,1053542
124399	2778525,1053542
724700	2268722,1007923
284368	1007923,1053452
2021657	2778525,1053452
2636571	1007923,2268722
1299416	1007923,2268722
1534427	2268722,1007923
936327	657183,1386412
589447	1007923,2268722
2756750	2778525,1053542
1822830	657183,1386412
1531748	2268722,1007923
1997928	1053452,657183
1801555	1007923,2268722
1093616	2268722,1007923
1501662	2268722,1007923
2694406	2778525,1053542
2721439	2268722,1007923
1428786	2268722,1007923
810286	2268722,1007923
265422	657183,1386412
2209912	877603,1603108
651488	1007923,1386412
840799	1053452,1078303
1693456	2778525,1053542
2069488	2268722,1007923
2763760	1053452,1078303
2932415	2268722,1007923
55318	2268722,1007923
552801	1007923,2268722
2578321	1007923,2268722
1733250	2778525,1053452
1778665	2778525,1007923
1160406	2268722,1007923
896248	1007923,2268722
2794927	1007923,2268722
2409965	2778525,1053452
67332	1007923,2268722
1382242	877603,1386412
447196	1007923,877603
236399	2268722,1007923
2911102	1007923,2268722
1573236	1007923,2268722
2683098	1007923,2268722
1045348	1007923,2268722
2163953	1007923,2268722
2311572	2778525,278589
2045133	1007923,2268722
2967502	2778525,1053542
2614088	2268722,1007923
828961	2778525,1053452
1355551	1007923,2268722
2281746	2778525,1386412
2243108	1007923,2268722
2244875	2778525,278589
1263143	2268722,1007923
2040866	2778525,1053542
628409	1007923,2268722
280992	657183,2268722
1217403	2268722,1007923
1553969	2268722,1007923
1284141	1007923,2268722
2390925	1007923,2268722
304302	2268722,1007923
2132045	657183,1386412
2104317	2778525,278589
2122386	1053452,1244196
1950002	1053452,2778525
742828	1386412,657183
1019348	2778525,1053542
2637758	2268722,1007923
1816598	1007923,2268722
2851413	2268722,1007923
853946	2778525,1053452
1759393	2268722,1007923
2752468	2268722,1007923
2911558	657183,1386412
2312496	657183,1386412
2518461	2778525,278589
1619357	1386412,657183
1381766	2268722,1007923
265096	657183,2446769
2043017	1053452,1078303
318670	2778525,1053542
1916482	2268722,1007923
626869	2778525,1053542
1514070	1053452,2778525
1329934	1007923,2268722
543054	1053452,1078303
957797	2268722,1007923
660816	2268722,1007923
2335054	877603,1603108
1806763	2268722,1007923
617230	2268722,1007923
2162822	657183,1386412
1724146	2268722,1007923
209046	1053452,1078303
529925	2778525,1053542
1924828	1007923,2268722
1796987	2268722,1007923
2525533	1053452,2778525
1446390	1007923,2268722
85991	2778525,1053452
1303973	1053452,1078303
512455	2778525,1007923
1719376	2778525,278589
2187628	2268722,1007923
2359784	2268722,1007923
2821276	657183,1244196
937499	1007923,2268722
1356292	1007923,2268722
2248478	1078303,1053452
1316270	877603,1603108
2900154	1053452,1078303
316210	1007923,2268722
2413289	2268722,1007923
438297	1007923,2268722
2691987	2778525,1386412
2269063	657183,1386412
582841	2268722,1007923
2443082	1053452,1007923
398450	2778525,1053542
48444	2778525,1053452
1498817	1007923,2268722
1505305	2268722,1007923
2455524	2778525,278589
2601188	657183,1386412
816352	1007923,2268722
493769	1007923,2268722
1902564	1007923,2268722
1386071	1053452,2268722
972709	2268722,1007923
1565423	1007923,2268722
27845	2778525,1053542
318465	2778525,1053452
346151	1078303,1133414
1701125	2268722,1007923
1627671	1007923,2268722
506136	1007923,1053452
2324146	2268722,1007923
734665	2778525,1053452
338934	2268722,1007923
1502924	657183,2446769
1612850	2268722,1007923
720494	2778525,1053452
1326437	2778525,1053452
2463698	2778525,278589
1835475	1053452,2778525
970119	657183,2446769
809081	2268722,1007923
1623413	2778525,657183
123264	2268722,1007923
366965	1007923,2268722
1754465	2778525,1053452
2523661	1007923,1386412
302351	2778525,1053452
2132399	2268722,1007923
54522	1053452,1007923
406699	2778525,1053452
564954	1007923,1386412
1448391	1007923,657183
2821027	1007923,2778525
2145051	1053452,1078303
1228269	2268722,1007923
1095423	657183,2446769
2834781	2268722,1007923
976863	2778525,1053542
2223535	2778525,278589
1173020	657183,1053452
1298267	1007923,2268722
1008176	2778525,1053452
2363121	657183,2446769
1377072	2268722,1007923
2443742	2268722,1007923
154601	1053452,1078303
760768	1053452,2268722
352335	2268722,1007923
2185947	2778525,278589
942673	1007923,2268722
409059	2778525,278589
2025112	657183,1244196
1200394	2778525,278589
1509899	2268722,1007923
2714726	1053452,1078303
1314154	2778525,1007923
2841246	657183,1201171
993416	2268722,1007923
822947	1007923,1053452
152201	2268722,1007923
1847344	2268722,1007923
2895121	1386412,657183
857981	2268722,1007923
66699	1007923,1386412
1018511	1007923,2268722
886767	2268722,1007923
919408	1007923,2268722
1272923	2778525,278589
1461611	657183,1386412
1831530	1007923,2268722
2815923	2778525,1053452
2083377	657183,2446769
682968	2778525,1053452
710040	2268722,1007923
2309088	2268722,1007923
1753668	2778525,1053452
607934	2778525,278589
1379999	2268722,1007923
2568789	2778525,1007923
2908573	2778525,1053452
2463398	1053452,1244196
1610121	2268722,1007923
1859920	657183,2446769
780578	657183,1244196
2281141	2778525,278589
2150647	2778525,1053452
1983884	2268722,1007923
2264275	2778525,1053542
178969	657183,1386412
1818147	2778525,1053452
2687488	2778525,1053542
2737462	2778525,1053452
1813129	2778525,1053542
629710	2778525,1053542
1433076	2778525,1053542
1840328	2778525,1053452
2937148	2778525,1244196
2104381	1007923,1053452
2021778	2268722,1007923
2882228	657183,1386412
283608	2778525,1053542
2139772	1053452,1078303
1135627	1053452,2778525
2884208	2778525,1053542
2939683	1053452,1007923
1165942	2778525,1053542
2770876	2778525,278589
1858906	657183,1386412
303234	1007923,2268722
151205	1053452,2268722
1840348	1078303,1133414
1003169	2268722,1007923
1768406	657183,1386412
810158	1007923,2268722
1743084	2778525,1007923
2833258	1078303,1133414
2731248	2778525,877603
2805785	2268722,1007923
2239123	1007923,2268722
2357476	2778525,1053542
1611022	2268722,1007923
2475937	1007923,2268722
2226972	2778525,1053452
549433	2778525,1053452
1449523	877603,1603108
2924185	2268722,1007923
2293556	2778525,1053452
667816	1053452,2268722
1540604	1007923,2268722
1692839	1386412,657183
1010029	1053452,1078303
2684906	657183,2791339
1318905	657183,2446769
1097223	657183,2446769
416716	657183,1386412
1459737	877603,1603108
2719600	657183,1386412
2939436	2268722,1007923
647212	2268722,1007923
441627	2778525,1053542
1322545	2778525,2268722
2448034	2268722,1007923
1782760	877603,1386412
1280953	1053452,1078303
2879251	2778525,1053452
781757	1007923,2268722
916200	2778525,1386412
384903	1053452,2778525
1839327	657183,1386412
864941	2778525,1053542
530062	2778525,1053452
552132	2778525,1053542
2556351	2268722,1007923
2317467	2778525,278589
698450	2268722,1007923
1862688	2268722,1007923
282345	2268722,1007923
2196588	2268722,1007923
1122137	2778525,1386412
2366171	2268722,1007923
582512	1053452,2268722
1267271	2268722,1007923
1066498	1007923,2268722
706513	1007923,1386412
1232448	657183,2446769
977344	2778525,278589
341293	2268722,1007923
2390055	1007923,1386412
355733	1053452,1078303
742309	2778525,1386412
1390585	2778525,1007923
2942577	2778525,1053542
498937	1053452,1078303
374831	2778525,1053452
1264256	657183,2446769
1682134	1007923,2778525
91927	2778525,278589
512581	2778525,1053542
2746889	2268722,1007923
561129	2268722,1007923
2400322	1007923,2268722
1989440	2268722,1007923
2569042	2778525,1007923
1405990	1053452,1078303
1279173	1007923,2268722
200937	1007923,1078303
475239	2268722,1007923
1937656	2268722,1007923
1609475	2268722,1007923
517568	2268722,1007923
1066845	877603,2778525
1417201	2778525,1053452
2472329	1053452,1078303
356556	2778525,1053452
924644	2778525,1053452
798019	2268722,1007923
1438574	2268722,1007923
1961168	2778525,1053452
2246082	657183,1386412
1096697	2778525,1053542
2248737	1007923,1386412
290892	2778525,1053452
2841193	2778525,278589
2282278	657183,1386412
1240923	2778525,1007923
360966	1007923,2268722
1708842	2778525,1386412
119890	1007923,2268722
2097074	1007923,2778525
2259113	657183,1386412
822906	2778525,1053452
1245430	1007923,2778525
2054095	657183,1386412
1496851	1007923,1386412
2296032	2268722,1007923
790129	1053452,1078303
453030	1053452,1078303
2835348	2268722,1007923
1493480	1007923,2268722
1729364	2778525,1053452
1949187	2268722,1007923
2648586	1386412,657183
101066	2778525,1053542
1278438	2268722,1007923
1375887	2778525,1053452
1335035	1053452,1078303
1438164	2268722,1007923
2099047	2778525,278589
1018223	1007923,2268722
1894500	2268722,1007923
2488422	2778525,1007923
1256181	2268722,1007923
480163	657183,2446769
1354935	2778525,278589
1355367	657183,1386412
2366191	2268722,1007923
2788996	2778525,1053542
1803169	1386412,657183
977514	1007923,657183
1219903	2778525,1053542
1313546	1053452,1078303
197372	1007923,2268722
1388877	2268722,1007923
1613235	1053452,2778525
757149	2268722,1729618
791379	1053452,1078303
1849212	2268722,1007923
2400364	1007923,1386412
650234	2778525,1053452
2022520	1007923,1386412
2335365	2268722,1007923
1747004	2778525,278589
1664006	2268722,1007923
2406410	2268722,1007923
291165	2778525,278589
822430	2268722,657183
116315	2268722,1007923
2825294	2268722,1007923
1675110	1007923,2268722
873433	1007923,2268722
1038304	2268722,1053452
1411785	2778525,1053542
949806	1007923,2268722
125579	1053452,1007923
1288036	1007923,2268722
1282203	2778525,877603
1413334	1053452,1078303
1310672	1007923,2268722
1880193	2778525,1053452
566149	2268722,1007923
1520213	2268722,1007923
756436	2268722,1007923
1586490	2778525,1386412
200301	657183,2446769
1470410	2268722,1007923
1493588	1007923,2268722
2258849	2268722,1053452
1988057	1053452,1244196
420957	2778525,1386412
141409	1007923,2268722
2152102	2778525,1386412
1201824	1007923,877603
1727312	2778525,1053452
1606177	1007923,2268722
2727539	1007923,2268722
1376211	2778525,1386412
1198449	2268722,1053452
715527	2268722,1007923
1259685	2268722,1007923
2905300	2778525,1007923
624399	657183,1386412
117584	1007923,2268722
2095571	2778525,1053542
980631	2778525,1007923
247885	657183,1386412
1983043	2778525,278589
1794355	877603,1603108
102009	657183,1053452
2621221	1007923,2268722
1992812	2778525,278589
856727	2268722,1007923
1580750	2778525,1053452
1885597	657183,1386412
1481507	2778525,1053452
1201138	1007923,2778525
1459857	2778525,1053452
981426	2268722,1007923
538940	1007923,2268722
1039894	2778525,657183
246700	2778525,1386412
1511506	1053452,1078303
1905619	2778525,1053452
265211	1007923,2268722
913643	1007923,2268722
412339	1007923,2268722
198427	1007923,2268722
1582719	1729618,2268722
1787956	657183,1386412
127402	877603,1603108
1957902	2778525,1386412
544107	657183,1386412
1668454	2778525,1386412
999170	657183,1386412
2775561	2778525,1053452
347843	2268722,1007923
683647	2268722,1007923
2603163	657183,1386412
1586126	2778525,1053452
761701	2778525,1053452
1852571	2778525,1053452
2808996	2778525,1053452
2919703	2268722,1007923
2914286	2268722,1007923
188237	2778525,1053452
2248859	1053452,1078303
2551420	1078303,1201171
584637	1053452,1244196
2189877	1007923,877603
2020591	1007923,2268722
578813	2778525,1053452
1441301	2268722,1007923
1655967	1053452,2268722
2002189	2778525,1053452
1348973	1053452,1078303
646448	1386412,877603
1115267	2778525,278589
1608878	2268722,1007923
2281312	1007923,2778525
2884575	1007923,2268722
1857435	1053452,2778525
152126	1007923,2268722
665352	2778525,1007923
2587189	1007923,2268722
470271	2778525,1053542
974477	1007923,2268722
942329	657183,2446769
2638067	2778525,1053542
395930	2268722,1007923
2014862	1007923,2268722
2622866	2268722,657183
1690703	1053452,2778525
1138073	2778525,1007923
1375023	2268722,1007923
1661420	1053452,1244196
55701	1007923,2268722
1343966	1007923,2778525
342646	2268722,1007923
1658813	1007923,2268722
2529885	1007923,2268722
739415	2778525,1386412
779113	2268722,1053452
1422974	1053452,2268722
2287601	2268722,1007923
1209506	2778525,1053452
402370	657183,2446769
31659	657183,2446769
1913654	657183,1386412
2074246	2778525,1053452
2943186	1007923,2268722
403652	1053452,657183
2133164	1053452,2778525
491324	1053452,1078303
2258767	2268722,1007923
1273287	2778525,1053452
2427616	1007923,2268722
1487616	1053452,1078303
15492	2268722,1007923
2165786	2778525,1386412
2067794	657183,2446769
2140251	2778525,1386412
2146408	1007923,877603
2746983	2268722,1007923
760186	2778525,278589
2592923	1007923,2268722
926583	2778525,1386412
1953146	1053452,2778525
890078	657183,1386412
257942	1053452,2778525
2796539	1053452,1078303
1144207	2778525,1007923
195044	2268722,1007923
2632240	2268722,1007923
790572	2778525,1386412
2097293	657183,1386412
2772540	1386412,657183
1722650	1007923,2268722
947365	2778525,1053542
792450	657183,2446769
1687668	2268722,1007923
498892	2268722,1007923
570837	657183,1386412
1877351	1007923,2268722
1907799	1007923,2268722
2695429	2268722,1007923
954222	1053452,1007923
2839218	2778525,1053542
1522483	2778525,1053542
1813269	2268722,1007923
75532	657183,1244196
1536896	2268722,1007923
2348696	1386412,657183
1172937	877603,1603108
2710165	2268722,1007923
1165115	2268722,1007923
2704194	1007923,2268722
804097	2778525,1053452
2117469	1053452,1244196
1181663	2778525,1007923
2215685	2778525,1053542
741761	1007923,2268722
2817716	1007923,2268722
440586	1007923,2268722
129758	1053452,1007923
1039962	877603,1914124
1593009	2268722,1007923
1307036	877603,1007923
2437683	2778525,1053452
107120	1007923,2778525
1130260	1053452,1244196
1367279	2778525,278589
1084131	2268722,1007923
1008691	1053452,2268722
993811	2268722,1007923
627886	1007923,2268722
1096816	2268722,1007923
2079386	1053452,2778525
434299	1386412,657183
2418380	1053452,1244196
2283754	2778525,278589
1124860	1053452,1244196
2076564	1386412,657183
79738	2778525,1053542
931769	1053452,2778525
1932082	2778525,1053452
2319493	2778525,1053452
2368906	2268722,1007923
1880543	2268722,1007923
2204257	2268722,1007923
2162684	2268722,1007923
217305	1053452,1244196
2333961	2778525,1053542
2055683	1007923,2268722
1486722	2268722,1007923
39266	2268722,1007923
1871661	2268722,1007923
511389	2268722,1007923
2583688	657183,1386412
794246	657183,1386412
1296278	2268722,1007923
1807524	1007923,2268722
1265072	2268722,1007923
1886871	877603,1603108
175438	2778525,1053452
1340219	2268722,1007923
908635	2268722,1007923
2302136	657183,1386412
1071496	2268722,1007923
2619396	1007923,2268722
1395715	2778525,1244196
983549	657183,2446769
2566171	2268722,1007923
2896209	2778525,1007923
1096442	1053452,1078303
780374	1386412,657183
2274526	2778525,278589
1866223	1007923,1053452
533432	1053452,1078303
1352429	1007923,2268722
434005	2778525,1053452
417371	1007923,2268722
2042224	2268722,1007923
2910394	657183,1386412
1786561	2778525,1386412
428963	2778525,1053542
687327	2268722,1007923
924670	536047,1386412
2412907	1007923,2268722
2197026	2268722,1007923
1683709	1386412,2778525
824729	2268722,1007923
16056	1007923,2268722
1302291	2778525,1244196
2763567	1386412,877603
1215031	657183,1386412
253098	2268722,1007923
1209704	2268722,1007923
626057	2778525,1053452
1849905	2268722,1007923
995522	2778525,1007923
2080222	2778525,1053542
2097027	1007923,2268722
2787594	1007923,2268722
1107947	2268722,1007923
2633099	1007923,1386412
530287	1053452,1078303
2738701	2268722,1007923
2281366	2778525,1053542
386639	1053452,1078303
750610	877603,1603108
820687	2778525,278589
2880207	657183,2446769
440022	2268722,1007923
1623114	1007923,2268722
1454301	657183,1386412
2044276	1007923,2268722
394072	2778525,278589
2069528	1007923,1386412
1249331	2778525,1007923
702093	2778525,1386412
1320589	2268722,1007923
2073193	1007923,2268722
2579806	2268722,1007923
68856	2268722,1007923
1814675	1007923,1053452
1311131	2268722,1007923
1304974	1386412,657183
2314884	657183,1386412
2967275	1053452,2778525
2471585	1386412,657183
825195	1053452,2268722
455865	1053452,1078303
992028	2778525,1053452
1319758	2268722,1007923
960961	1053452,2778525
2412662	2778525,278589
2184919	1007923,1386412
2133200	1053452,1007923
2842006	1053452,2778525
2195276	1007923,2268722
1331845	1007923,2268722
356166	2778525,1053452
823336	657183,1386412
1234728	2778525,278589
1817305	1007923,877603
2618537	2778525,278589
2786567	1007923,2268722
40455	1053452,1244196
1482099	2778525,1053542
1672709	2778525,1053452
1410762	2778525,1007923
2536125	1053452,2778525
2519543	877603,1603108
680940	1053452,1007923
586643	1078303,1133414
1231344	877603,1603108
1544284	1007923,2268722
2244148	1053452,2778525
2561230	2268722,1007923
1846851	2268722,1007923
2803314	2268722,1007923
503547	2268722,1007923
1676306	2268722,1007923
1999849	2778525,877603
2724345	1007923,2268722
2350407	1053452,1007923
133877	1007923,2268722
2192549	1078303,1053452
2062817	657183,1386412
2797420	657183,1386412
2091897	1053452,1078303
388279	2778525,278589
1684538	2268722,1007923
1503545	1386412,2778525
756831	2778525,278589
1552080	657183,1244196
507970	2268722,1007923
452935	1053452,1078303
14453	2778525,1053452
2536468	2778525,1386412
474307	1386412,657183
2934311	2268722,1007923
1195476	1386412,657183
1364765	1053452,1007923
459808	1007923,2268722
2341694	1053452,1244196
2331987	1007923,1386412
578899	2778525,1053542
2686268	2778525,1053452
1154933	2778525,1386412
2929127	2778525,1053452
2005832	2268722,1007923
1381690	1007923,2268722
1196996	1007923,2268722
2948195	1386412,536047
1940529	2268722,1007923
366601	2778525,1053452
2608118	2268722,1007923
1552939	2268722,1007923
1165805	2268722,1007923
1640596	877603,1603108
2146231	2778525,1386412
495460	2268722,1007923
483447	2268722,1007923
2606950	2778525,1053452
270848	1007923,2268722
1627944	2268722,1007923
15814	1007923,2268722
2244	2268722,1007923
2131218	1053452,1244196
1650780	2778525,1386412
1894414	2778525,278589
1694398	657183,2446769
2406099	2268722,1007923
2909942	2268722,1007923
801189	2778525,1386412
87325	1007923,1386412
2974459	2778525,278589
229028	1007923,2268722
1849423	1007923,2268722
1299228	2268722,1007923
2873799	2268722,1007923
2885155	2268722,1007923
2544642	2778525,1053452
593533	657183,1386412
1036371	2778525,1053542
2427104	1007923,2268722
876361	1007923,2268722
1636232	2778525,1053452
361771	2268722,1007923
830523	2778525,1053452
1250596	2778525,1053542
2184785	1007923,2268722
119952	1053452,1078303
1313560	2268722,657183
1488723	1007923,877603
888971	1053452,2778525
2827201	2268722,1007923
740611	2268722,1007923
1498272	1007923,2268722
1550213	2268722,1007923
1021890	2778525,1053452
2473849	1053452,1244196
2488878	2778525,1053542
2453473	2778525,1053452
551943	657183,2446769
126518	2778525,1007923
1715887	2268722,1007923
1095405	657183,1386412
2711222	2268722,1007923
2225375	1007923,2268722
543440	657183,1386412
2909716	1007923,877603
814412	1007923,1053452
2248357	657183,2446769
15048	657183,536047
748549	2778525,1053452
2600513	1007923,877603
2441773	2778525,1053542
376046	1007923,2268722
1596292	657183,2446769
348875	2268722,1007923
2220520	2778525,1053542
2211370	2268722,1007923
2416766	2268722,1007923
2399320	2268722,1007923
1733993	2268722,1007923
2270000	1007923,2268722
458548	2778525,1053452
1580694	1007923,2268722
2595815	2778525,1053542
2603154	1078303,1133414
625102	2778525,1053542
2769562	657183,2446769
82915	1007923,1386412
500911	2268722,1007923
1475400	2268722,1007923
868216	2268722,1007923
2286572	2268722,1007923
930188	2778525,1053542
1950196	2268722,1053452
1166099	1244196,657183
684230	2778525,1053452
1442436	1007923,2268722
1699178	2778525,1053452
906801	2778525,1053542
2139605	1053452,1244196
237503	2778525,1053452
1660423	1007923,2268722
1822264	2268722,1007923
392063	1007923,2268722
1667531	1007923,2268722
186749	1053452,1007923
889235	1053452,1078303
721491	2778525,1007923
2660716	2778525,278589
1366554	2778525,1386412
349307	2268722,1007923
1748157	1053452,2778525
2468107	2778525,1007923
2111130	657183,2446769
1599784	2268722,1007923
1711930	1053452,2778525
20509	1007923,581327
1071115	657183,1386412
18109	1007923,2268722
2405970	1007923,877603
943110	1053452,2268722
2421761	657183,1386412
1974041	2268722,1007923
2962689	1007923,2778525
1013006	1007923,2268722
598191	2778525,1053452
2304115	657183,2446769
940662	1007923,2268722
1445907	657183,2446769
479319	1053452,1078303
2561714	1053452,2268722
1136532	657183,1386412
611525	2268722,1007923
1961571	657183,2446769
2661843	2268722,1007923
421720	2778525,1053452
1185550	2268722,1007923
2025931	657183,1201171
2841703	2268722,1007923
1022763	2268722,1053452
2303824	2268722,1007923
267885	2778525,877603
2900926	2268722,1007923
1153838	2778525,1053452
2339624	657183,1386412
1791943	2268722,1007923
2585079	2268722,1007923
2593514	2268722,1007923
1403190	2268722,1007923
545421	2778525,1053452
1725742	1007923,2268722
1719216	657183,2446769
900290	2778525,1053542
2135595	2778525,1053452
940172	657183,1386412
976287	1053452,1244196
379569	1007923,2268722
202416	2778525,1053542
1082208	1053452,1244196
2231322	657183,1386412
2548715	2268722,1007923
938909	1007923,2268722
386150	2778525,1053542
1360306	657183,1386412
2293472	2778525,1007923
1801910	1053452,1244196
2898174	2268722,1007923
505513	2268722,1007923
1833198	1053452,2778525
1555632	2268722,1007923
1262023	877603,2778525
1058687	1007923,2268722
2363426	2778525,278589
1066492	877603,1603108
2764194	1053452,2778525
277607	657183,2446769
2574732	1053452,1078303
2408437	2778525,1244196
1853291	2268722,1007923
2919306	1007923,2268722
1949595	2778525,278589
2789262	1007923,1053452
1133981	2268722,1007923
182940	657183,1386412
2093746	1007923,2268722
1990329	2268722,1007923
1586910	1007923,1053452
2290921	1007923,1386412
2474770	1007923,2268722
1813448	657183,2446769
1227760	2778525,1053452
431258	2268722,1007923
2414271	1053452,1007923
1508585	1053452,1244196
2788221	2778525,1053452
1436916	1007923,2268722
2309206	1007923,2268722
2761515	1007923,1386412
2219761	2268722,1007923
89889	2268722,1007923
1372067	2778525,1053542
1873815	2268722,1007923
15549	2778525,1053542
1901099	657183,2446769
558333	657183,1386412
328439	877603,1603108
2006617	2268722,1007923
917962	1007923,2268722
69652	2778525,1386412
2300826	1053452,1244196
2312635	657183,1386412
1466533	2778525,1053542
944277	2268722,1007923
1643257	2778525,1053542
2009747	2268722,1007923
316729	657183,1386412
1635747	1007923,2268722
2354792	1007923,1053452
2835361	1007923,2268722
2052901	1007923,2268722
476289	2778525,1386412
1346731	2268722,1007923
480873	2268722,1007923
732936	1386412,657183
2886206	2778525,1053452
851237	1007923,877603
100050	2268722,1007923
2418196	2778525,657183
1178416	2778525,1053452
1644495	2778525,1007923
1588035	2268722,1007923
422636	1007923,2268722
466860	1007923,2268722
330709	2268722,1007923
2325729	2778525,1053542
441860	1007923,2268722
59796	1386412,657183
1456221	1053452,1244196
840270	657183,2446769
145099	2778525,278589
279711	2778525,1053452
2073823	2778525,1386412
69418	2778525,1053452
2829018	657183,2446769
410957	1007923,2268722
77882	1386412,657183
2818815	2778525,1053452
1858703	2268722,1053452
2211943	657183,1386412
2264483	1007923,2268722
2075191	1007923,2268722
2278896	877603,1603108
2088537	1007923,2268722
2878027	2268722,1007923
239136	2268722,1729618
1685725	2778525,1007923
499725	657183,1386412
473404	1053452,2778525
1421335	657183,1386412
341878	2778525,1007923
2329560	1007923,2268722
102710	1053452,2778525
860306	1053452,2778525
1329482	1053452,1078303
816399	1053452,657183
283524	2778525,1007923
1019581	1386412,1007923
2073986	2778525,278589
1204557	1053452,2268722
2241458	2268722,1007923
291142	2778525,278589
620523	2268722,1007923
2134195	1007923,2268722
1047380	1007923,2268722
1516346	1007923,2268722
1094686	2268722,1007923
1112950	2778525,1053542
2147532	2778525,1053452
1249144	1007923,2268722
1005833	2778525,1053542
218626	2268722,1007923
890973	1053452,2268722
764378	2778525,1053542
1616009	1053452,1244196
1100952	2268722,1007923
1703211	1053452,2778525
2197321	2268722,1007923
1502314	2778525,1053542
1584397	2778525,1007923
2833585	1053452,2778525
2450295	2778525,1053452
1367500	657183,1244196
1479773	657183,2446769
539423	1386412,657183
514062	1007923,2268722
319650	2778525,657183
1810534	657183,2446769
118535	657183,1386412
1148900	2268722,1007923
1277913	2268722,1007923
2326425	2268722,1007923
2856793	2778525,1053452
1777001	2778525,1007923
960564	877603,1914124
2618862	2268722,1007923
1403494	1007923,1053452
2183672	657183,1386412
1407274	1007923,2268722
2867182	2778525,1053452
1867798	2268722,1007923
2728074	2268722,1007923
2701236	1053452,1244196
340444	2268722,1007923
1203055	1053452,2778525
116616	2778525,1053452
2156036	657183,2446769
482650	1007923,2268722
312045	1007923,2268722
2552606	1053452,2268722
900092	2268722,1007923
325582	2268722,1007923
1397771	1007923,2268722
1682703	1007923,2268722
1318675	2778525,1007923
2897015	2778525,1053452
836126	1007923,2268722
1529099	657183,2446769
838491	2268722,1007923
2643683	657183,1386412
1289992	1053452,2778525
387369	1053452,1078303
384540	2778525,1053452
1223799	657183,1386412
1344375	2268722,1053452
1674266	1053452,1007923
1179822	2778525,278589
653910	1007923,2268722
2014455	1007923,2268722
2510775	1053452,1078303
564101	1053452,1244196
921253	657183,1386412
869904	1053452,1244196
2103826	2778525,278589
414306	657183,1386412
2182255	2268722,1007923
2676816	657183,1386412
1995205	2268722,1007923
1514644	2778525,1007923
944977	2778525,278589
2967861	1007923,2268722
2603059	2268722,1007923
1771025	1007923,2268722
2072542	657183,1386412
400173	2778525,1053542
626145	2778525,2268722
202348	1007923,2268722
938101	2268722,1007923
630047	1007923,2268722
2726540	2268722,1007923
1089118	657183,2778525
1245396	1053452,1244196
900815	2778525,1007923
1988648	1007923,2778525
1979423	2778525,278589
2436328	2778525,1053542
1010271	1386412,2268722
1512163	657183,2446769
820590	2268722,1007923
2584838	1053452,2778525
1633948	1053452,2778525
2564250	2778525,278589
1583787	2268722,1007923
2020013	1053452,2268722
558978	1007923,1386412
186203	2778525,1053452
1689287	2778525,1053542
2128922	1007923,2268722
654332	1053452,1078303
842453	1007923,2268722
622451	1007923,2268722
685189	2268722,1007923
880947	1053452,1244196
455849	2268722,1007923
956229	2268722,1007923
2296110	1053452,2778525
637700	1007923,1053452
2406824	2778525,1053542
1917010	2268722,1007923
2725064	2778525,1053542
957769	1007923,2268722
528451	1078303,1133414
2982014	2268722,1007923
283583	1007923,2268722
2252971	657183,1386412
2600549	2268722,1007923
1448770	1007923,2268722
616091	1053452,1078303
2317286	1053452,2778525
1793768	2778525,1053542
1106460	1007923,2268722
2433280	2778525,1053452
2677721	1007923,2268722
1270651	2268722,1007923
130338	2268722,1007923
1314166	1007923,2268722
297324	2268722,1007923
620281	2778525,1053452
2326517	2268722,1007923
1095243	1007923,2268722
2913636	2268722,1007923
2687132	2268722,1007923
2297279	2778525,1053452
1283870	2778525,1053542
393963	657183,1386412
603883	1007923,2268722
2326824	1007923,877603
105972	2778525,1053452
2718340	1007923,2268722
1252930	657183,1386412
1828986	2778525,1053542
16675	2778525,1053542
814985	2778525,1053542
2463522	657183,1386412
2339699	1053452,2268722
1633135	877603,2778525
127836	657183,1386412
1697708	2446769,1201171
1239069	2268722,1007923
2712467	1053452,1078303
1147486	1053452,657183
725118	1053452,1244196
50945	657183,2446769
2171427	657183,1386412
573650	2778525,1053452
289471	1007923,2268722
2391551	2778525,278589
1213759	1053452,1007923
447081	1007923,2268722
820411	2268722,1007923
1943490	1053452,1244196
2642115	1007923,2268722
1008977	2778525,1053542
265957	1053452,1078303
1941829	657183,2446769
1224131	1007923,2778525
1275934	1007923,2268722
542263	2778525,1053452
2660371	1007923,2268722
1076491	2778525,1053452
2936827	2778525,1053452
2673819	2268722,1007923
1975173	657183,2791339
2038552	2778525,1007923
1690970	1053452,1007923
2464917	2778525,1386412
199924	1053452,1007923
2209092	1007923,2268722
142393	2268722,1007923
841511	2268722,1007923
539915	1053452,2268722
1257455	2778525,1053542
550363	2268722,1007923
375919	657183,2446769
1335345	1007923,2268722
1212245	2778525,278589
2842248	2268722,1007923
1337645	2268722,1007923
996768	2778525,1053452
1266808	2268722,1007923
424725	2778525,1053452
1189146	2268722,1007923
771510	657183,1386412
1131832	1053452,1078303
2482575	2268722,1007923
2154471	1007923,2268722
2644791	1053452,2778525
546570	1386412,657183
2148681	2268722,1007923
274405	2778525,1053452
187135	1007923,2268722
1890750	1007923,2268722
520699	2778525,1007923
2123640	1007923,2268722
2808892	2268722,1007923
2631401	1053452,1244196
853125	657183,1386412
1987438	2268722,1007923
962351	2268722,1007923
2440395	1007923,2268722
97131	657183,1386412
2352241	1053452,1078303
2388204	1007923,1053452
2789534	2778525,1053452
875793	1007923,2268722
1248909	2778525,278589
505136	2778525,1053542
1887678	1386412,1007923
1651254	2778525,1053452
794778	2268722,1007923
1791240	2778525,1053452
1027645	657183,1053452
2972619	2268722,1007923
1678838	2268722,1007923
157443	1053452,1078303
1684079	1053452,2268722
543927	657183,1386412
2868694	1007923,2268722
2440363	2778525,1386412
263063	2778525,1053452
2752196	657183,2446769
1972573	1007923,877603
2658041	2268722,1007923
95042	877603,1386412
2488884	2778525,278589
1254528	1007923,2268722
2938334	2778525,1053452
131545	877603,2778525
2965410	2268722,1007923
2083619	1078303,1053452
1536930	1007923,2268722
159617	2268722,1007923
2976568	2268722,1007923
1455980	1007923,2268722
311669	1386412,657183
434242	2778525,1053452
1038333	2268722,1729618
46391	1007923,2268722
1244509	1007923,2268722
58669	2268722,1007923
10996	2268722,1007923
286224	2268722,1007923
140932	2778525,1053452
1337297	2268722,1007923
2596588	1053452,1078303
2652093	2778525,278589
2750710	1053452,1007923
801201	2268722,1007923
1049603	2268722,1007923
1543939	1007923,2268722
899688	1007923,2268722
1009271	2268722,1007923
1003937	2268722,1007923
1722062	1007923,2268722
822614	2778525,2268722
2216672	2268722,1007923
2439014	2268722,1007923
1479036	1053452,1078303
1705373	1007923,2268722
1910354	2778525,1053452
391997	1007923,2268722
2330205	2268722,1007923
2746885	2268722,1007923
608276	657183,1386412
1105652	2778525,278589
2513343	2778525,1053452
1793199	1007923,2268722
2644482	657183,1386412
2654320	2778525,1053452
1672479	1007923,2268722
522984	1007923,2268722
1382005	657183,2446769
258	2268722,1007923
2487943	2778525,1053542
2395814	877603,2778525
2541876	2778525,1386412
676734	2778525,1007923
1622632	2268722,1007923
2043892	1053452,2778525
2288211	2268722,1007923
2611816	657183,2446769
1194904	657183,1386412
1169100	2268722,1007923
744246	1053452,1078303
1546600	2268722,1007923
1161328	2268722,1007923
2283995	2778525,278589
531430	1007923,877603
1910914	877603,1603108
739094	657183,2446769
992936	1007923,2268722
284339	657183,1386412
499167	1007923,2268722
1867271	2778525,1053452
1981992	2778525,1053452
412833	2268722,1007923
299426	2778525,1053452
465758	2778525,278589
229275	1007923,2268722
1753349	1053452,2268722
2831535	657183,1386412
493599	657183,2446769
148381	657183,1244196
2810102	2778525,278589
1571208	2268722,1007923
1748528	877603,1603108
2233178	877603,2778525
44502	2778525,657183
695283	2268722,1007923
1922376	2268722,1007923
1777034	1053452,1007923
1668540	1053452,1007923
1266744	2268722,1007923
1661219	2778525,1053452
2338951	1007923,2268722
2125860	2268722,1007923
490912	1007923,2268722
2695579	2778525,657183
2691287	2268722,1007923
2289709	2778525,1053452
2922847	2268722,1007923
361722	2268722,1007923
246321	2268722,1007923
1046387	2268722,1007923
2210221	2778525,1007923
1466085	2268722,1729618
2864644	657183,1386412
1044159	1053452,1078303
2751801	2268722,1007923
75663	2778525,1053452
2310242	2778525,1053452
48410	657183,1386412
356729	2268722,1007923
434393	2268722,1007923
424753	2778525,1053452
2213345	657183,2446769
1341423	2268722,1007923
39487	2778525,1053452
599115	2778525,1007923
2942894	1007923,2268722
1520124	657183,1386412
436192	1007923,2268722
753734	536047,1386412
2570008	657183,2446769
235179	657183,2446769
183023	1007923,2268722
743973	2778525,1053452
1617364	2268722,1007923
1773085	1007923,2268722
2017678	657183,1386412
2600566	2268722,1386412
2926673	1053452,1007923
2560723	1053452,1244196
1783685	657183,1244196
2689259	2268722,1007923
358527	2778525,1053452
618156	2268722,1007923
1002352	2778525,1386412
272524	2778525,1053452
1702034	2778525,1053452
1069955	2778525,657183
891030	2778525,1053452
2069899	1053452,2778525
2238260	1007923,877603
1240652	1053452,1007923
2228560	1007923,2268722
576373	1386412,1007923
206093	2268722,1007923
207484	1007923,2268722
2978604	1386412,657183
388796	657183,2446769
535416	2778525,1386412
325719	657183,1386412
383549	1053452,2778525
630057	2778525,1007923
1273607	1053452,1078303
1914057	1007923,2268722
537864	1053452,2778525
2182061	2778525,1053452
2717346	2778525,1386412
59869	2778525,278589
2104547	2778525,1053452
816259	657183,1386412
2346337	2778525,1053542
1874655	2778525,1053452
2641615	1053452,1007923
393946	1007923,1053452
2164686	2778525,1386412
2965023	2778525,1053452
1621931	657183,1053452
1306739	657183,2791339
1312815	657183,1386412
510329	657183,2791339
2035240	2778525,1053452
2192457	2778525,1053452
2800266	2778525,1053452
1093869	2778525,1053452
2736266	2778525,1053452
2454122	2778525,1053452
1530879	1053452,1078303
1488607	1053452,1078303
1427539	657183,1386412
79209	2778525,1053542
800	1053452,2268722
1511924	2778525,1386412
1234891	2268722,1007923
1726468	2778525,1053452
1951756	1053452,1078303
1526842	2778525,1007923
1508576	2778525,1386412
565312	2778525,1007923
2761118	2268722,1007923
2540345	2778525,1053542
1901088	1007923,2268722
360858	657183,1386412
2490739	2778525,1053542
2897678	657183,1386412
1056437	2268722,1007923
683025	2778525,877603
1082008	1053452,1244196
893568	2268722,1007923
2079116	877603,1007923
1104942	1007923,2268722
727476	657183,2446769
1992976	2268722,1007923
1608740	2778525,1053542
1557236	2778525,1053452
1017483	2778525,1053542
579735	2268722,1007923
1835574	1007923,877603
2223121	2268722,1007923
641164	2268722,1007923
1411987	1007923,2268722
202474	657183,1053452
1586272	2778525,1053542
1389322	2778525,1053452
1653414	1386412,657183
548866	2778525,278589
1024581	657183,1386412
40853	657183,2446769
2934518	657183,2446769
2882635	1007923,2268722
1274858	1053452,1078303
2545269	1007923,2268722
2151297	2268722,1007923
2562625	657183,2446769
1652208	1007923,2268722
1926051	657183,1386412
2602540	2778525,278589
875654	2268722,1007923
2836277	2778525,1007923
2263984	2778525,1053542
84398	2268722,1007923
2602484	2778525,1053452
1947468	2268722,1007923
2803024	2268722,1007923
1191120	1007923,2268722
1029923	1386412,657183
2016046	2778525,1007923
2057709	2268722,1007923
1006693	2778525,278589
2808035	1007923,2268722
1852747	1007923,2268722
2501849	1007923,2268722
1220195	2268722,1007923
2332550	2778525,1007923
255891	2268722,1007923
1280556	657183,2446769
2371106	657183,1386412
1009436	2268722,1007923
2298949	2778525,1053452
904573	1053452,2778525
2706982	2778525,278589
616853	2778525,1053542
2613260	1078303,1201171
1075536	1053452,1078303
613519	2268722,1007923
1017037	2778525,1053542
1663067	2778525,1386412
892421	1053452,1244196
1183344	1078303,1133414
2548102	2778525,877603
1643427	1053452,2268722
1043576	2778525,1053452
1465938	2268722,1007923
2147792	1053452,2268722
1803656	2778525,1007923
80588	2268722,1007923
47786	877603,1914124
825016	2778525,1007923
1292698	657183,1386412
490909	2778525,1053542
1561385	1007923,2268722
2370874	1053452,2268722
654219	2268722,1007923
1585313	2778525,1053452
1521590	1078303,1201171
837050	1053452,1078303
1581409	1007923,2268722
1726907	657183,1386412
1722082	2778525,1053542
2237091	2268722,1007923
1058994	877603,1386412
644565	1007923,2268722
725506	2778525,1053452
630363	1053452,2778525
1951773	657183,2446769
1179879	1007923,2268722
1664243	1007923,2268722
2755845	2778525,1053452
1529448	1007923,877603
2732997	1007923,2778525
410019	2268722,657183
2569261	1053452,2268722
1999364	657183,1386412
716913	1053452,1244196
811616	1007923,2778525
2649504	2268722,1007923
2087280	1053452,2778525
2564232	1007923,2268722
2829377	536047,1007923
234261	2778525,1007923
194784	1007923,2268722
320355	1007923,2268722
1893194	1053452,2778525
684220	877603,1603108
2831509	1078303,1133414
2744568	2778525,1053452
185468	1007923,2268722
2155450	1007923,2268722
1571447	1053452,1244196
1073248	2268722,1007923
2132410	1007923,2268722
2184286	2778525,1053542
2722321	1053452,1244196
2704041	1007923,1386412
379283	1053452,657183
2309291	1386412,877603
1675819	1053452,2778525
1637553	1007923,2268722
1327747	2268722,1007923
2713429	2778525,1053452
62117	2778525,1007923
1060623	1053452,1244196
2450250	1007923,2268722
1740497	2778525,1053452
2821976	2778525,1053542
2768275	2778525,877603
1557433	2268722,1007923
2854768	1007923,657183
1528409	1007923,2268722
130654	1007923,1386412
173634	1007923,2778525
796818	1007923,2268722
656579	657183,1386412
1801617	1053452,1078303
1106913	2268722,1007923
1839949	1386412,1007923
895527	2778525,1053452
2116795	2268722,1007923
2081324	657183,1386412
2770973	2778525,1386412
1510747	657183,1386412
1316436	2268722,1007923
274908	1053452,657183
1963075	1007923,2268722
1324025	2268722,1007923
1605055	1007923,2268722
1810330	2778525,1386412
2307688	657183,1386412
2618997	1007923,2268722
2568896	1007923,2268722
87303	2778525,1053452
1180415	2778525,1053542
268237	2268722,657183
2722463	657183,2446769
256500	1007923,2268722
2368074	2778525,1053542
65560	657183,1386412
1388246	2778525,278589
1255126	2268722,1007923
519893	1007923,2268722
2423631	657183,1386412
2817399	657183,1386412
490230	1007923,2268722
2108529	2778525,1053452
2349583	2268722,1007923
1235907	1053452,1078303
1045839	2268722,1007923
997121	2778525,1386412
1660337	657183,1386412
2633285	1053452,2778525
193841	2778525,1053452
1175063	1007923,2268722
2282803	2268722,1007923
2278862	2778525,1053542
2708875	1007923,877603
2329855	657183,1386412
1278219	1007923,1053452
2354224	2778525,1053542
2671339	2268722,1007923
1379447	1007923,1053452
2984097	2778525,1053452
234118	1007923,2268722
1906037	1053452,1244196
818589	1007923,2268722
2587997	2778525,1053452
1087033	2268722,1007923
404900	1007923,2268722
1475392	2268722,1007923
2403904	1007923,2268722
544954	657183,1386412
2620396	2778525,1053452
689620	657183,2446769
2810863	2778525,1053542
721241	2778525,1053542
832478	1053452,2778525
1753094	2268722,1007923
1926063	1053452,1007923
1642882	2778525,1053542
1319887	657183,2446769
35975	2268722,1007923
106448	657183,1386412
2136470	2778525,1053542
1013799	1053452,1078303
2616674	2268722,1007923
1776119	2268722,1007923
375321	1007923,2268722
1826562	2778525,1386412
1284671	657183,2446769
907401	1053452,1244196
1211996	2268722,1007923
745737	2778525,278589
1974679	2778525,1053452
895648	2778525,1053452
2121508	1007923,2268722
1375349	657183,1386412
2770799	2268722,1007923
1752595	2268722,1007923
136082	657183,2778525
920842	2268722,1007923
689296	2778525,278589
591161	2778525,1053452
1022993	1053452,1078303
2778874	2268722,1007923
679823	1053452,1244196
32761	2778525,278589
1433760	1007923,2268722
2436774	2778525,657183
1747749	1386412,657183
2656159	657183,1386412
2616721	2778525,1053542
765931	2268722,1007923
2519256	1007923,2268722
2182288	2268722,1007923
1931155	2778525,1386412
357724	1386412,657183
1848674	1007923,2268722
957289	2778525,1053542
540948	2778525,278589
2478443	1053452,1244196
354947	2778525,1053452
224592	2268722,1007923
2735348	2778525,1053452
188304	2778525,1053452
2287864	2268722,1007923
2681827	2268722,1007923
1952038	657183,1386412
1939708	2778525,1053452
1948704	1007923,2268722
1949491	877603,1603108
1683346	1007923,877603
2839392	657183,1386412
1928753	2778525,278589
2052362	2268722,1007923
1639381	2268722,1007923
145735	2268722,1007923
379920	1007923,2268722
2698050	657183,1386412
917465	2268722,1007923
822726	1078303,1133414
2935530	2268722,1007923
2596676	1007923,2268722
457748	2778525,1053452
193256	1053452,1078303
1025546	1053452,657183
1808504	2778525,1053542
669401	2778525,1386412
1915166	2778525,1053542
319338	2778525,1007923
174013	2268722,1007923
1953883	1053452,2268722
2279513	1007923,2268722
1462989	2778525,1007923
1149043	2268722,1007923
1078147	1053452,1244196
2133475	657183,1386412
1693190	2268722,1007923
1646105	657183,1386412
289591	2268722,1007923
104888	2268722,657183
606560	1007923,2268722
544138	2268722,1007923
1772881	1053452,1244196
1854363	2778525,278589
1440083	657183,1386412
1640237	2778525,1053452
1832023	2778525,1053452
1811801	1007923,2268722
2553419	2268722,1007923
730624	2778525,1053542
292139	2268722,1007923
147127	2778525,1053452
2660279	1007923,2268722
1669816	2268722,1007923
355287	1007923,2268722
1375651	2778525,1053452
2575874	2268722,1007923
2815145	2778525,278589
2891063	1053452,2268722
2107926	2778525,1053452
621317	2268722,1007923
539357	2268722,1007923
2885848	1007923,2268722
270679	2778525,1386412
2255205	2778525,1386412
1877979	2778525,1053452
1962624	2778525,1007923
1353988	1078303,1053452
1347424	1007923,2268722
442061	2778525,1053542
393367	1053452,1244196
1875272	657183,2446769
2762711	1386412,1007923
110501	877603,1914124
2891557	2268722,1007923
2670289	657183,1386412
540737	2268722,1007923
1468	1007923,2268722
2631194	2268722,1007923
868434	2778525,1053452
2926524	1007923,2268722
2418682	1386412,657183
1475143	1053452,1078303
2473964	2778525,1053452
1506135	1053452,1078303
67979	2268722,1007923
2820325	2268722,1007923
1761636	2268722,1007923
1343692	2268722,1007923
2639920	1053452,1007923
2520792	2268722,1007923
2425862	2778525,1007923
421958	2268722,1007923
2885980	1007923,2778525
1804125	2268722,1007923
2291329	2778525,1386412
561783	2778525,1386412
1413536	1053452,1007923
121507	1053452,1078303
1088124	2778525,1053542
